,etype,cellid,seed,state,protocol,amplitude,duration,AP_count,AP_count_before_stim,AP_count_after_stim,voltage_base,voltage_after_stim,voltage_deflection
0,lesioned_719,1280,4,6ohda,fi,20,2000,0,0,0,-70.231959662954,-70.65384680584789,0.9638029809197093
0,lesioned_719,1280,4,6ohda,fi,40,2000,0,0,0,-70.23180127046803,-70.81669258994509,2.2208090807457523
0,lesioned_719,1280,4,6ohda,fi,60,2000,0,0,0,-70.23164274576153,-70.97960148834257,3.4374687384327416
0,lesioned_719,1280,4,6ohda,fi,80,2000,1,0,0,-70.23148358160631,-71.16457353248548,4.594019338132171
0,lesioned_719,1280,4,6ohda,fi,100,2000,1,0,0,-70.23132513465242,-71.32033217783193,5.734850096156379
0,lesioned_719,1280,4,6ohda,fi,120,2000,2,0,0,-70.23116621306994,-71.49106999116401,6.827587411728516
0,lesioned_719,1280,4,6ohda,fi,140,2000,2,0,0,-70.2310070146531,-71.638508398849,7.900454814180428
0,lesioned_719,1280,4,6ohda,fi,160,2000,3,0,0,-70.23084819808008,-71.80067766060905,8.93612349609522
0,lesioned_719,1280,4,6ohda,fi,180,2000,3,0,0,-70.2306901485511,-71.93789405234178,9.957892733333168
0,lesioned_719,1280,4,6ohda,fi,200,2000,4,0,0,-70.23053101763759,-72.09253707635806,10.951009926665222
0,lesioned_719,1280,4,6ohda,fi,220,2000,4,0,0,-70.23037227343592,-72.22950493890592,11.939094899365188
0,lesioned_719,1280,4,6ohda,fi,240,2000,5,0,0,-70.23021236820709,-72.37270930232688,12.909254491848756
0,lesioned_719,1280,4,6ohda,fi,260,2000,6,0,0,-70.23005440331796,-72.51246068629229,13.869025322762852
0,lesioned_719,1280,4,6ohda,fi,280,2000,11,0,0,-70.22989524456074,-72.71028180601692,12.62301858064977
0,lesioned_719,1280,4,6ohda,fi,300,2000,25,0,0,-70.22973658443532,-73.00759455134516,24.384269224922612
0,lesioned_719,1280,4,6ohda,tburst,-50,2000,0,0,0,-70.23251530820905,-70.11689818587948,-3.746698782521179
0,lesioned_719,1280,4,6ohda,tburst,-100,2000,3,0,3,-70.23291205148084,-70.35201605146729,-7.353591707993502
0,lesioned_719,1280,4,6ohda,tburst,-150,2000,6,0,6,-70.23330920740612,-70.21749406695133,-11.00062336246586
0,lesioned_719,1280,4,6ohda,tburst,-200,2000,8,0,8,-70.23370600649001,-69.90591355264723,-14.394987332827725
0,lesioned_719,1280,4,6ohda,tburst,-250,2000,10,0,10,-70.23410339328666,-69.59189118508537,-17.41400876334751
0,lesioned_719,1280,4,6ohda,tburst,-300,2000,10,0,10,-70.2345002442615,-69.17368320931342,-20.16533951741836
0,lesioned_719,1280,4,6ohda,tburst,-50,500,0,0,0,-70.23251530820905,-70.36758717665205,-4.008426294122103
0,lesioned_719,1280,4,6ohda,tburst,-100,500,4,0,4,-70.23291205148084,-70.55746424217458,-8.384668200799908
0,lesioned_719,1280,4,6ohda,tburst,-150,500,7,0,7,-70.23330920740612,-70.50639846870286,-13.335922347913169
0,lesioned_719,1280,4,6ohda,tburst,-200,500,9,0,9,-70.23370600649001,-70.36058307085023,-18.18651260817137
0,lesioned_719,1280,4,6ohda,tburst,-250,500,10,0,10,-70.23410339328666,-70.11347622348201,-22.284346115809385
0,lesioned_719,1280,4,6ohda,tburst,-300,500,11,0,11,-70.23450024426148,-69.84596180555535,-25.536617829183044
0,lesioned_719,1280,4,6ohda,tburst,-50,200,0,0,0,-70.23251530820905,-70.41100397860305,-4.458084922049224
0,lesioned_719,1280,4,6ohda,tburst,-100,200,3,0,3,-70.23291205148084,-70.58471321527469,-9.41599832873463
0,lesioned_719,1280,4,6ohda,tburst,-150,200,5,0,5,-70.23330920740612,-70.59623350592298,-14.852262965390949
0,lesioned_719,1280,4,6ohda,tburst,-200,200,7,0,7,-70.23370600649001,-70.55730100309873,-20.377905425204233
0,lesioned_719,1280,4,6ohda,tburst,-250,200,8,0,8,-70.23410339328666,-70.43551219279277,-25.517960197318175
0,lesioned_719,1280,4,6ohda,tburst,-300,200,9,0,9,-70.23450024426148,-70.27909530395067,-29.878801737126068
0,lesioned_719,1280,4,6ohda,rmih,-50,2000,0,0,0,-74.7462307439389,-74.15730394484532,-3.6380409621726244
0,lesioned_719,1280,4,6ohda,rmih,-100,2000,5,0,5,-74.74662761612021,-75.18112496653367,-7.270718142585565
0,lesioned_719,1280,4,6ohda,rmih,-150,2000,7,0,7,-74.74702490923077,-74.58541144549659,-10.64936137164274
0,lesioned_719,1280,4,6ohda,rmih,-200,2000,8,0,8,-74.74742185257922,-74.03155329217392,-13.655356755350653
0,lesioned_719,5258,1,6ohda,fi,20,2000,0,0,0,-69.85446804780105,-70.34765415732393,1.3236574039182756
0,lesioned_719,5258,1,6ohda,fi,40,2000,0,0,0,-69.85432698716443,-70.55566617199422,2.9545450057328253
0,lesioned_719,5258,1,6ohda,fi,60,2000,0,0,0,-69.8541856645526,-70.76944430583653,4.571228964337507
0,lesioned_719,5258,1,6ohda,fi,80,2000,1,0,0,-69.854044208047,-71.03105778132537,6.192951392961085
0,lesioned_719,5258,1,6ohda,fi,100,2000,2,0,0,-69.85390260524944,-71.2952627668203,7.954242758537447
0,lesioned_719,5258,1,6ohda,fi,120,2000,3,0,0,-69.8537615591646,-71.60249882747122,10.03996054072067
0,lesioned_719,5258,1,6ohda,fi,140,2000,13,0,0,-69.85361991404092,-72.16910604836582,11.332411010941492
0,lesioned_719,5258,1,6ohda,fi,160,2000,20,0,0,-69.85347862165456,-72.5526598307679,8.781352845111165
0,lesioned_719,5258,1,6ohda,fi,180,2000,26,0,0,-69.85333700589739,-72.85498998958725,5.937278117140572
0,lesioned_719,5258,1,6ohda,fi,200,2000,31,0,0,-69.8531954243653,-73.06533122179823,10.878243616814295
0,lesioned_719,5258,1,6ohda,fi,220,2000,35,0,0,-69.85305391750532,-73.30375372059125,7.817675244177593
0,lesioned_719,5258,1,6ohda,fi,240,2000,39,0,0,-69.852912343459,-73.46330800715405,14.176022718338373
0,lesioned_719,5258,1,6ohda,fi,260,2000,43,0,0,-69.8527713116689,-73.6379732292872,16.226518157003092
0,lesioned_719,5258,1,6ohda,fi,280,2000,48,0,0,-69.85263105397638,-73.80742791601826,14.561404940770437
0,lesioned_719,5258,1,6ohda,fi,300,2000,48,0,0,-69.85248946991896,-73.98807632205603,6.390354955462698
0,lesioned_719,5258,1,6ohda,tburst,-50,2000,0,0,0,-69.85496286002099,-69.6004982291765,-4.989451596513277
0,lesioned_719,5258,1,6ohda,tburst,-100,2000,3,0,3,-69.85531673939528,-69.92329341103387,-10.056114643169366
0,lesioned_719,5258,1,6ohda,tburst,-150,2000,6,0,6,-69.85566974701023,-69.72466745489778,-14.689644088997952
0,lesioned_719,5258,1,6ohda,tburst,-200,2000,7,0,7,-69.85602389900741,-68.83267025064279,-18.533807942480124
0,lesioned_719,5258,1,6ohda,tburst,-250,2000,8,0,8,-69.85637834545727,-68.37622219004629,-21.948010749132393
0,lesioned_719,5258,1,6ohda,tburst,-300,2000,8,0,8,-69.8567298161038,-67.73446087206946,-25.224327094777337
0,lesioned_719,5258,1,6ohda,tburst,-50,500,0,0,0,-69.85496286002099,-69.97209021953321,-5.473222274245572
0,lesioned_719,5258,1,6ohda,tburst,-100,500,3,0,3,-69.85531673939528,-70.1419778259108,-12.145954056563525
0,lesioned_719,5258,1,6ohda,tburst,-150,500,6,0,6,-69.85566974701024,-70.01047486381553,-18.75043764911746
0,lesioned_719,5258,1,6ohda,tburst,-200,500,7,0,7,-69.85602389900743,-69.65360847354916,-23.706001762427192
0,lesioned_719,5258,1,6ohda,tburst,-250,500,8,0,8,-69.85637834545727,-69.31880590415858,-27.26353534178307
0,lesioned_719,5258,1,6ohda,tburst,-300,500,8,0,8,-69.85672981610378,-68.86115601419488,-30.158854673222876
0,lesioned_719,5258,1,6ohda,tburst,-50,200,0,0,0,-69.85496286002099,-70.03543875686569,-5.965020118564709
0,lesioned_719,5258,1,6ohda,tburst,-100,200,0,0,0,-69.85531673939528,-69.99902870364157,-13.374344104832659
0,lesioned_719,5258,1,6ohda,tburst,-150,200,4,0,4,-69.85566974701024,-70.18978382392804,-21.11658785560249
0,lesioned_719,5258,1,6ohda,tburst,-200,200,5,0,5,-69.8560238990074,-69.99672098339242,-27.857091150007548
0,lesioned_719,5258,1,6ohda,tburst,-250,200,6,0,6,-69.85637834545729,-69.72562304941447,-32.834141671317965
0,lesioned_719,5258,1,6ohda,tburst,-300,200,6,0,6,-69.8567298161038,-69.31334950752625,-36.23494912871432
0,lesioned_719,5258,1,6ohda,rmih,-50,2000,0,0,0,-76.03811663673183,-74.80407325953205,-4.89905539691577
0,lesioned_719,5258,1,6ohda,rmih,-100,2000,3,0,3,-76.03847058006338,-75.34086445889726,-9.47294175844904
0,lesioned_719,5258,1,6ohda,rmih,-150,2000,6,0,6,-76.03882365291501,-74.75923022050702,-13.286169835493212
0,lesioned_719,5258,1,6ohda,rmih,-200,2000,7,0,7,-76.0391778719791,-73.98981540526384,-16.69588021218921
0,lesioned_719,7006,3,6ohda,fi,20,2000,0,0,0,-68.36851911247356,-68.80487869007047,1.2007907063934766
0,lesioned_719,7006,3,6ohda,fi,40,2000,0,0,0,-68.36836269668676,-68.95368295011365,2.641248727468607
0,lesioned_719,7006,3,6ohda,fi,60,2000,0,0,0,-68.36820602869244,-69.09741238065057,3.9838125597429013
0,lesioned_719,7006,3,6ohda,fi,80,2000,1,0,0,-68.36804901980274,-69.25233254375571,5.242054517914674
0,lesioned_719,7006,3,6ohda,fi,100,2000,1,0,0,-68.36789220345685,-69.39295953456056,6.453635099391327
0,lesioned_719,7006,3,6ohda,fi,120,2000,2,0,0,-68.3677353766291,-69.54570008147445,7.619035713263727
0,lesioned_719,7006,3,6ohda,fi,140,2000,2,0,0,-68.36757831059894,-69.68578426908762,8.770458190283286
0,lesioned_719,7006,3,6ohda,fi,160,2000,3,0,0,-68.36742095173084,-69.83956469335678,9.899342068438564
0,lesioned_719,7006,3,6ohda,fi,180,2000,3,0,0,-68.36726526629643,-69.99412985071993,11.031192237191888
0,lesioned_719,7006,3,6ohda,fi,200,2000,5,0,0,-68.36710758762942,-70.15764713137098,12.165598030196918
0,lesioned_719,7006,3,6ohda,fi,220,2000,16,0,0,-68.36695100139364,-70.43758663850984,16.657505326538782
0,lesioned_719,7006,3,6ohda,fi,240,2000,19,0,0,-68.36679379682828,-70.54900170346963,11.83989965090182
0,lesioned_719,7006,3,6ohda,fi,260,2000,25,0,0,-68.3666372884181,-70.68656998257553,16.203435044034286
0,lesioned_719,7006,3,6ohda,fi,280,2000,30,0,0,-68.36647954895564,-70.84733573424943,10.747456374792257
0,lesioned_719,7006,3,6ohda,fi,300,2000,37,0,0,-68.3663242680631,-70.91253062857625,13.79595621775497
0,lesioned_719,7006,3,6ohda,tburst,-50,2000,0,0,0,-68.36906802449619,-68.2686983962666,-4.94465327437193
0,lesioned_719,7006,3,6ohda,tburst,-100,2000,2,0,2,-68.3694599217925,-68.22468343426875,-10.06215296724396
0,lesioned_719,7006,3,6ohda,tburst,-150,2000,4,0,4,-68.36985220057683,-68.17192718495107,-14.663211917679476
0,lesioned_719,7006,3,6ohda,tburst,-200,2000,6,0,6,-68.37024456024683,-67.63883787517285,-18.514246860136964
0,lesioned_719,7006,3,6ohda,tburst,-250,2000,7,0,7,-68.3706364621355,-67.20017938707358,-21.87606087531364
0,lesioned_719,7006,3,6ohda,tburst,-300,2000,7,0,7,-68.37102791814752,-66.83416708261791,-25.07458684714244
0,lesioned_719,7006,3,6ohda,tburst,-50,500,0,0,0,-68.36906802449619,-68.51909365481971,-5.299473994097767
0,lesioned_719,7006,3,6ohda,tburst,-100,500,3,0,3,-68.3694599217925,-68.5688750939249,-11.612311986432388
0,lesioned_719,7006,3,6ohda,tburst,-150,500,5,0,5,-68.36985220057683,-68.48071671276045,-17.433728656036905
0,lesioned_719,7006,3,6ohda,tburst,-200,500,6,0,6,-68.37024456024685,-68.2851551220248,-22.699473010643544
0,lesioned_719,7006,3,6ohda,tburst,-250,500,7,0,7,-68.37063646213548,-67.99526420481901,-27.123111370118494
0,lesioned_719,7006,3,6ohda,tburst,-300,500,7,0,7,-68.37102791814752,-67.6386331212385,-30.61590784423791
0,lesioned_719,7006,3,6ohda,tburst,-50,200,0,0,0,-68.36906802449619,-68.56486877518127,-6.301447238754733
0,lesioned_719,7006,3,6ohda,tburst,-100,200,2,0,2,-68.3694599217925,-68.6284724615799,-13.01415746834462
0,lesioned_719,7006,3,6ohda,tburst,-150,200,3,0,3,-68.36985220057683,-68.60696133290604,-18.953632579190554
0,lesioned_719,7006,3,6ohda,tburst,-200,200,4,0,4,-68.37024456024683,-68.53141732026839,-25.001997122970238
0,lesioned_719,7006,3,6ohda,tburst,-250,200,5,0,5,-68.3706364621355,-68.36494418655126,-30.848611437340963
0,lesioned_719,7006,3,6ohda,tburst,-300,200,5,0,5,-68.37102791814752,-68.11041294629389,-35.65829417264527
0,lesioned_719,7006,3,6ohda,rmih,-50,2000,0,0,0,-74.43936214167442,-73.65198975168776,-5.070262588423745
0,lesioned_719,7006,3,6ohda,rmih,-100,2000,3,0,3,-74.43975418544946,-74.29443359114754,-9.517868742000303
0,lesioned_719,7006,3,6ohda,rmih,-150,2000,5,0,5,-74.44014660542294,-73.55960929911863,-13.330342400943039
0,lesioned_719,7006,3,6ohda,rmih,-200,2000,6,0,6,-74.44053910492019,-72.73558745489471,-16.70868533182636
0,lesioned_719,8640,3,6ohda,fi,20,2000,0,0,0,-69.7017383493036,-70.1345939881641,1.5543597780874592
0,lesioned_719,8640,3,6ohda,fi,40,2000,0,0,0,-69.7015880438685,-70.34129157997887,3.235830142300742
0,lesioned_719,8640,3,6ohda,fi,60,2000,1,0,0,-69.70143720552021,-70.55769634309118,4.791428049311037
0,lesioned_719,8640,3,6ohda,fi,80,2000,2,0,0,-69.70128604814693,-70.77562803740682,6.266830584629112
0,lesioned_719,8640,3,6ohda,fi,100,2000,4,0,0,-69.70113518199427,-71.00749721936586,7.692757852343263
0,lesioned_719,8640,3,6ohda,fi,120,2000,14,0,0,-69.70098461584557,-71.29007523649564,2.9336382459493677
0,lesioned_719,8640,3,6ohda,fi,140,2000,18,0,0,-69.70083402204338,-71.43367683479917,1.9996158499657781
0,lesioned_719,8640,3,6ohda,fi,160,2000,20,0,0,-69.70068369763455,-71.5210179899507,9.81598876337629
0,lesioned_719,8640,3,6ohda,fi,180,2000,23,0,0,-69.70053272698114,-71.68019523454501,10.236505951435298
0,lesioned_719,8640,3,6ohda,fi,200,2000,24,0,0,-69.70038188538356,-71.78616846719838,8.026791964822593
0,lesioned_719,8640,3,6ohda,fi,220,2000,27,0,0,-69.70023114763568,-71.894145209199,7.4038667193199785
0,lesioned_719,8640,3,6ohda,fi,240,2000,28,0,0,-69.70007994330186,-72.01229970963432,8.857538005023812
0,lesioned_719,8640,3,6ohda,fi,260,2000,30,0,0,-69.6999295408951,-72.12271891996097,7.943125317245048
0,lesioned_719,8640,3,6ohda,fi,280,2000,32,0,0,-69.6997798322704,-72.22370704362265,8.077973630772519
0,lesioned_719,8640,3,6ohda,fi,300,2000,34,0,0,-69.69962951717234,-72.33516429681065,11.557440797838822
0,lesioned_719,8640,3,6ohda,tburst,-50,2000,1,0,1,-69.70226583338726,-69.50351282671579,-5.810536244204471
0,lesioned_719,8640,3,6ohda,tburst,-100,2000,4,0,4,-69.70264295522713,-69.149905002511,-12.058349758704423
0,lesioned_719,8640,3,6ohda,tburst,-150,2000,7,0,7,-69.70301979671245,-68.7133484510132,-17.358202153386742
0,lesioned_719,8640,3,6ohda,tburst,-200,2000,8,0,8,-69.70339623911254,-68.14459091480921,-21.740522714172045
0,lesioned_719,8640,3,6ohda,tburst,-250,2000,9,0,9,-69.70377319256544,-67.58481878587556,-25.876178905772207
0,lesioned_719,8640,3,6ohda,tburst,-300,2000,9,0,9,-69.70414858517665,-67.08575729458511,-30.076843812678632
0,lesioned_719,8640,3,6ohda,tburst,-50,500,1,0,1,-69.70226583338726,-69.82366200530099,-6.48475733080484
0,lesioned_719,8640,3,6ohda,tburst,-100,500,5,0,5,-69.70264295522712,-69.78575720776743,-14.905637426712275
0,lesioned_719,8640,3,6ohda,tburst,-150,500,7,0,7,-69.70301979671245,-69.5554109009357,-22.162085737441956
0,lesioned_719,8640,3,6ohda,tburst,-200,500,8,0,8,-69.70339623911254,-69.1012313201301,-27.420546231435097
0,lesioned_719,8640,3,6ohda,tburst,-250,500,8,0,8,-69.70377319256542,-68.68548846303737,-31.335963835261197
0,lesioned_719,8640,3,6ohda,tburst,-300,500,9,0,9,-69.70414858517665,-68.29551383537198,-34.77963174146798
0,lesioned_719,8640,3,6ohda,tburst,-50,200,1,0,1,-69.70226583338726,-69.88653694677531,-7.984678216630485
0,lesioned_719,8640,3,6ohda,tburst,-100,200,3,0,3,-69.70264295522713,-69.88355967165721,-16.66638035922854
0,lesioned_719,8640,3,6ohda,tburst,-150,200,5,0,5,-69.70301979671245,-69.7858014161108,-24.82156539359302
0,lesioned_719,8640,3,6ohda,tburst,-200,200,6,0,6,-69.70339623911254,-69.54158036255926,-31.86006461705648
0,lesioned_719,8640,3,6ohda,tburst,-250,200,6,0,6,-69.70377319256544,-69.18489820806259,-36.99643199322216
0,lesioned_719,8640,3,6ohda,tburst,-300,200,7,0,7,-69.70414858517665,-68.81622749605881,-40.57511157509566
0,lesioned_719,8640,3,6ohda,rmih,-50,2000,2,0,2,-77.1576527457308,-77.16280840133228,-5.873781164790188
0,lesioned_719,8640,3,6ohda,rmih,-100,2000,6,0,6,-77.15803005202153,-76.29005655539365,-11.062300766805095
0,lesioned_719,8640,3,6ohda,rmih,-150,2000,7,0,7,-77.15840708239195,-75.00403130434762,-15.431626719506866
0,lesioned_719,8640,3,6ohda,rmih,-200,2000,8,0,8,-77.15878371740203,-74.05519899402513,-19.610283808797632
0,lesioned_719,9601,5,6ohda,fi,20,2000,0,0,0,-73.44565648534955,-73.60395487381479,0.9772902595029223
0,lesioned_719,9601,5,6ohda,fi,40,2000,0,0,0,-73.44550573673143,-73.69747498458787,1.9573697003968675
0,lesioned_719,9601,5,6ohda,fi,60,2000,0,0,0,-73.44535445437067,-73.78820162198059,2.874798615920028
0,lesioned_719,9601,5,6ohda,fi,80,2000,0,0,0,-73.4452028621326,-73.87630799775471,3.7371654546123523
0,lesioned_719,9601,5,6ohda,fi,100,2000,0,0,0,-73.44505145665605,-73.96217371755762,4.548503880962571
0,lesioned_719,9601,5,6ohda,fi,120,2000,0,0,0,-73.44490051417068,-74.04418118913559,5.3179907607375725
0,lesioned_719,9601,5,6ohda,fi,140,2000,1,0,0,-73.44474941017243,-74.1387772994196,6.041165738388244
0,lesioned_719,9601,5,6ohda,fi,160,2000,1,0,0,-73.4445984994803,-74.21811596266542,6.737871743951828
0,lesioned_719,9601,5,6ohda,fi,180,2000,1,0,0,-73.44444726333386,-74.2955228283996,7.403713187497559
0,lesioned_719,9601,5,6ohda,fi,200,2000,1,0,0,-73.44429572141146,-74.37608453127348,8.039934869034553
0,lesioned_719,9601,5,6ohda,fi,220,2000,1,0,0,-73.44414472260091,-74.44866469171139,8.654132105620036
0,lesioned_719,9601,5,6ohda,fi,240,2000,1,0,0,-73.4439927860778,-74.52610790451163,9.243558771580794
0,lesioned_719,9601,5,6ohda,fi,260,2000,1,0,0,-73.44384114953762,-74.60075714604825,9.81234034932222
0,lesioned_719,9601,5,6ohda,fi,280,2000,2,0,0,-73.44369173225209,-74.68519401852149,10.359779024507219
0,lesioned_719,9601,5,6ohda,fi,300,2000,1,0,0,-73.44354117358529,-74.76038742527064,10.892457127226486
0,lesioned_719,9601,5,6ohda,tburst,-50,2000,0,0,0,-73.44618567265367,-73.24455972006683,-3.070241305866375
0,lesioned_719,9601,5,6ohda,tburst,-100,2000,0,0,0,-73.4465639054229,-72.99167914043655,-6.623317464603588
0,lesioned_719,9601,5,6ohda,tburst,-150,2000,1,0,1,-73.44694209770128,-73.03160979651125,-10.47484350354054
0,lesioned_719,9601,5,6ohda,tburst,-200,2000,4,0,4,-73.44731963256754,-72.55741820128397,-14.116623049426764
0,lesioned_719,9601,5,6ohda,tburst,-250,2000,4,0,4,-73.44769770858225,-72.10711956918564,-17.46240968867764
0,lesioned_719,9601,5,6ohda,tburst,-300,2000,5,0,5,-73.44807416623615,-71.7222351416883,-20.69687523765208
0,lesioned_719,9601,5,6ohda,tburst,-50,500,0,0,0,-73.44618567265367,-73.43561851204426,-3.3395149046345693
0,lesioned_719,9601,5,6ohda,tburst,-100,500,0,0,0,-73.4465639054229,-73.36230720260518,-7.733502082570283
0,lesioned_719,9601,5,6ohda,tburst,-150,500,3,0,3,-73.44694209770128,-73.28838966406802,-13.249752122325532
0,lesioned_719,9601,5,6ohda,tburst,-200,500,3,0,3,-73.44731963256754,-73.06502989198214,-18.72088024356421
0,lesioned_719,9601,5,6ohda,tburst,-250,500,4,0,4,-73.44769770858227,-72.74709946237512,-23.132850406326313
0,lesioned_719,9601,5,6ohda,tburst,-300,500,5,0,5,-73.44807416623615,-72.40664884570693,-26.579856134901547
0,lesioned_719,9601,5,6ohda,tburst,-50,200,0,0,0,-73.44618567265367,-73.46935510359259,-3.9173697958381126
0,lesioned_719,9601,5,6ohda,tburst,-100,200,0,0,0,-73.4465639054229,-73.43458663683604,-9.08803334113665
0,lesioned_719,9601,5,6ohda,tburst,-150,200,1,0,1,-73.44694209770128,-73.41799197794448,-15.058765112437058
0,lesioned_719,9601,5,6ohda,tburst,-200,200,2,0,2,-73.44731963256754,-73.32859766896806,-21.136865391879795
0,lesioned_719,9601,5,6ohda,tburst,-250,200,3,0,3,-73.44769770858225,-73.15687782955465,-26.63513822163398
0,lesioned_719,9601,5,6ohda,tburst,-300,200,3,0,3,-73.44807416623615,-72.92870142679661,-31.16779363990281
0,lesioned_719,9601,5,6ohda,rmih,-50,2000,0,0,0,-77.58128202260032,-76.79116922014762,-3.4167214628442224
0,lesioned_719,9601,5,6ohda,rmih,-100,2000,0,0,0,-77.58166069092958,-76.16933088896975,-7.310608954011954
0,lesioned_719,9601,5,6ohda,rmih,-150,2000,3,0,3,-77.58203931762232,-76.32073045681526,-10.932352154803638
0,lesioned_719,9601,5,6ohda,rmih,-200,2000,4,0,4,-77.58241729416608,-75.65749970809438,-14.270906408919629
0,lesioned_719,10013,0,6ohda,fi,20,2000,0,0,0,-68.38679835332886,-69.04774185911741,1.2137561810917674
0,lesioned_719,10013,0,6ohda,fi,40,2000,0,0,0,-68.38666142798213,-69.28330967349551,2.8627958164774725
0,lesioned_719,10013,0,6ohda,fi,60,2000,0,0,0,-68.38652491717659,-69.51300246811833,4.42206305851272
0,lesioned_719,10013,0,6ohda,fi,80,2000,0,0,0,-68.38638787480065,-69.73582872398849,5.924015273093445
0,lesioned_719,10013,0,6ohda,fi,100,2000,1,0,0,-68.38625058886167,-69.97023428806521,7.3901029967982765
0,lesioned_719,10013,0,6ohda,fi,120,2000,1,0,0,-68.38611407555811,-70.18414500418618,8.876619959118898
0,lesioned_719,10013,0,6ohda,fi,140,2000,1,0,0,-68.38597716302333,-70.40573151968265,10.409294813956983
0,lesioned_719,10013,0,6ohda,fi,160,2000,24,0,0,-68.38583971114984,-70.8449208901853,5.477765923435221
0,lesioned_719,10013,0,6ohda,fi,180,2000,29,0,0,-68.38570336634335,-70.98193045157842,7.687025460864469
0,lesioned_719,10013,0,6ohda,fi,200,2000,33,0,0,-68.38556553282878,-71.10067139444293,16.831435418116584
0,lesioned_719,10013,0,6ohda,fi,220,2000,44,0,0,-68.3854292289482,-71.20364169461055,5.480905366021233
0,lesioned_719,10013,0,6ohda,fi,240,2000,51,0,0,-68.38529166616803,-71.29248680874892,6.707730262835668
0,lesioned_719,10013,0,6ohda,fi,260,2000,50,0,0,-68.38515641306329,-71.36781902772006,6.898415060508995
0,lesioned_719,10013,0,6ohda,fi,280,2000,57,0,0,-68.3850197298221,-71.43138682661109,6.70140640474078
0,lesioned_719,10013,0,6ohda,fi,300,2000,60,0,0,-68.38488168994566,-71.49714922495026,20.902689662990063
0,lesioned_719,10013,0,6ohda,tburst,-50,2000,0,0,0,-68.38727743405956,-68.13731234538787,-5.407278325334488
0,lesioned_719,10013,0,6ohda,tburst,-100,2000,1,0,1,-68.38762017847235,-67.56558643029545,-10.435888672695626
0,lesioned_719,10013,0,6ohda,tburst,-150,2000,2,0,2,-68.38796186703381,-66.99609508508291,-14.784064223190839
0,lesioned_719,10013,0,6ohda,tburst,-200,2000,4,0,4,-68.38830522726956,-66.28402859627515,-18.335226503279372
0,lesioned_719,10013,0,6ohda,tburst,-250,2000,4,0,4,-68.38864653122099,-65.69303606369525,-21.526938248332357
0,lesioned_719,10013,0,6ohda,tburst,-300,2000,5,0,5,-68.38898905886327,-65.10369063905604,-24.611285086682642
0,lesioned_719,10013,0,6ohda,tburst,-50,500,0,0,0,-68.38727743405956,-68.58316208920832,-5.9900127070523865
0,lesioned_719,10013,0,6ohda,tburst,-100,500,1,0,1,-68.38762017847235,-68.48832650616184,-12.68184040487779
0,lesioned_719,10013,0,6ohda,tburst,-150,500,3,0,3,-68.38796186703381,-68.3044372697151,-19.12049298815542
0,lesioned_719,10013,0,6ohda,tburst,-200,500,4,0,4,-68.38830522726956,-67.83194709647611,-23.69113771854198
0,lesioned_719,10013,0,6ohda,tburst,-250,500,5,0,5,-68.38864653122099,-67.34180776283144,-26.782795541090223
0,lesioned_719,10013,0,6ohda,tburst,-300,500,5,0,5,-68.38898905886327,-66.8692515005403,-29.375011756541724
0,lesioned_719,10013,0,6ohda,tburst,-50,200,0,0,0,-68.38727743405956,-68.66116364895848,-6.277227698174471
0,lesioned_719,10013,0,6ohda,tburst,-100,200,0,0,0,-68.38762017847235,-68.60234734663385,-13.778277289226324
0,lesioned_719,10013,0,6ohda,tburst,-150,200,2,0,2,-68.38796186703381,-68.56418328555938,-22.046493852706334
0,lesioned_719,10013,0,6ohda,tburst,-200,200,3,0,3,-68.38830522726956,-68.279811179808,-29.328780745492665
0,lesioned_719,10013,0,6ohda,tburst,-250,200,3,0,3,-68.38864653122099,-67.83934220742982,-33.73413204793363
0,lesioned_719,10013,0,6ohda,tburst,-300,200,4,0,4,-68.38898905886327,-67.40879961105446,-36.17684611543338
0,lesioned_719,10013,0,6ohda,rmih,-50,2000,0,0,0,-74.74461560327106,-73.5272491726936,-4.946229348269455
0,lesioned_719,10013,0,6ohda,rmih,-100,2000,0,0,0,-74.74495846660115,-72.41079494858144,-9.271295816851463
0,lesioned_719,10013,0,6ohda,rmih,-150,2000,3,0,3,-74.74530027051811,-71.740492021036,-12.852278774597892
0,lesioned_719,10013,0,6ohda,rmih,-200,2000,4,0,4,-74.74564373113607,-70.81670872741313,-16.05318697491532
0,lesioned_719,10099,0,6ohda,fi,20,2000,0,0,0,-71.21462501919586,-71.41148965139875,1.1866921613051176
0,lesioned_719,10099,0,6ohda,fi,40,2000,0,0,0,-71.21448121492254,-71.4838315561362,2.441560454277578
0,lesioned_719,10099,0,6ohda,fi,60,2000,0,0,0,-71.21433670294519,-71.55154480293959,3.6185914196916116
0,lesioned_719,10099,0,6ohda,fi,80,2000,0,0,0,-71.21419269169006,-71.61624682460207,4.729782920557653
0,lesioned_719,10099,0,6ohda,fi,100,2000,0,0,0,-71.21404843362333,-71.67721075659777,5.781010221587806
0,lesioned_719,10099,0,6ohda,fi,120,2000,0,0,0,-71.21390413866041,-71.73646258792184,6.778298690828407
0,lesioned_719,10099,0,6ohda,fi,140,2000,1,0,0,-71.21375971211535,-71.79755976089106,7.725223681565097
0,lesioned_719,10099,0,6ohda,fi,160,2000,1,0,0,-71.21361630850825,-71.84915698938836,8.635064798406852
0,lesioned_719,10099,0,6ohda,fi,180,2000,0,0,0,-71.21347129488748,-71.89835242462897,9.514212284946694
0,lesioned_719,10099,0,6ohda,fi,200,2000,1,0,0,-71.21332760775297,-71.94474003085315,10.360327920937166
0,lesioned_719,10099,0,6ohda,fi,220,2000,1,0,0,-71.21318261783847,-71.9895730383358,11.18106870724472
0,lesioned_719,10099,0,6ohda,fi,240,2000,2,0,0,-71.21303893932682,-72.03276521308446,11.977147642501961
0,lesioned_719,10099,0,6ohda,fi,260,2000,2,0,0,-71.21289381530107,-72.07417194256074,12.756684677877445
0,lesioned_719,10099,0,6ohda,fi,280,2000,0,0,0,-71.2127514512439,-72.11325681394943,13.51822808712226
0,lesioned_719,10099,0,6ohda,fi,300,2000,1,0,0,-71.2126077573626,-72.1500407743614,14.265267191962309
0,lesioned_719,10099,0,6ohda,tburst,-50,2000,0,0,0,-71.21512940897676,-71.12252783039703,-3.8822424372177267
0,lesioned_719,10099,0,6ohda,tburst,-100,2000,0,0,0,-71.2154901837334,-70.87190247105588,-8.2289723724722
0,lesioned_719,10099,0,6ohda,tburst,-150,2000,4,0,4,-71.21585027573076,-70.68668718173954,-12.958681983988228
0,lesioned_719,10099,0,6ohda,tburst,-200,2000,5,0,5,-71.21621098507214,-70.3134154523848,-17.46017790754989
0,lesioned_719,10099,0,6ohda,tburst,-250,2000,7,0,7,-71.21657207159814,-69.90112357396377,-21.514330550443376
0,lesioned_719,10099,0,6ohda,tburst,-300,2000,5,0,5,-71.21693079718231,-69.4776737177563,-25.36151688586014
0,lesioned_719,10099,0,6ohda,tburst,-50,500,0,0,0,-71.21512940897676,-71.26436892621487,-4.038333756668607
0,lesioned_719,10099,0,6ohda,tburst,-100,500,0,0,0,-71.2154901837334,-71.21153455848487,-8.928249241025057
0,lesioned_719,10099,0,6ohda,tburst,-150,500,4,0,4,-71.21585027573076,-71.21331447318731,-14.729570428684653
0,lesioned_719,10099,0,6ohda,tburst,-200,500,6,0,6,-71.21621098507214,-71.07524595878745,-20.60648224960042
0,lesioned_719,10099,0,6ohda,tburst,-250,500,6,0,6,-71.21657207159814,-70.82666854863217,-25.70197063147532
0,lesioned_719,10099,0,6ohda,tburst,-300,500,6,0,6,-71.21693079718231,-70.53237994804984,-29.86274167720768
0,lesioned_719,10099,0,6ohda,tburst,-50,200,0,0,0,-71.21512940897676,-71.28935298131452,-4.151678377896843
0,lesioned_719,10099,0,6ohda,tburst,-100,200,0,0,0,-71.2154901837334,-71.26818141269138,-9.334956062404629
0,lesioned_719,10099,0,6ohda,tburst,-150,200,2,0,2,-71.21585027573076,-71.29284865548121,-15.515576405771952
0,lesioned_719,10099,0,6ohda,tburst,-200,200,4,0,4,-71.21621098507214,-71.24828331818868,-22.15672801436422
0,lesioned_719,10099,0,6ohda,tburst,-250,200,4,0,4,-71.21657207159814,-71.12703362438401,-28.539936354768045
0,lesioned_719,10099,0,6ohda,tburst,-300,200,5,0,5,-71.21693079718231,-70.93289475249307,-34.094767122611074
0,lesioned_719,10099,0,6ohda,rmih,-50,2000,0,0,0,-76.30654237201485,-75.77206945023771,-4.381205943048315
0,lesioned_719,10099,0,6ohda,rmih,-100,2000,0,0,0,-76.3069034438681,-75.20027663210224,-9.132471142772275
0,lesioned_719,10099,0,6ohda,rmih,-150,2000,4,0,4,-76.30726383495993,-75.05581857886663,-13.575816001867693
0,lesioned_719,10099,0,6ohda,rmih,-200,2000,5,0,5,-76.30762483764646,-74.42649180673342,-17.60635507761205
0,lesioned_719,12211,8,6ohda,fi,20,2000,0,0,0,-71.48067422354436,-71.77349626949528,0.9100457053163495
0,lesioned_719,12211,8,6ohda,fi,40,2000,0,0,0,-71.4805181778621,-71.88620309550555,1.9717383195872316
0,lesioned_719,12211,8,6ohda,fi,60,2000,0,0,0,-71.48036187114505,-71.99171199735822,2.9775083265936644
0,lesioned_719,12211,8,6ohda,fi,80,2000,0,0,0,-71.48020522178189,-72.0951733901214,3.9271680845130135
0,lesioned_719,12211,8,6ohda,fi,100,2000,0,0,0,-71.4800487677251,-72.19768173456522,4.827156533581089
0,lesioned_719,12211,8,6ohda,fi,120,2000,1,0,0,-71.47989231516254,-72.3114544818499,5.674853491717599
0,lesioned_719,12211,8,6ohda,fi,140,2000,1,0,0,-71.47973562293852,-72.40772383113271,6.496391665761422
0,lesioned_719,12211,8,6ohda,fi,160,2000,1,0,0,-71.47957864498046,-72.5011702440198,7.284407463295707
0,lesioned_719,12211,8,6ohda,fi,180,2000,2,0,0,-71.47942330296964,-72.6004308540428,8.031287673314814
0,lesioned_719,12211,8,6ohda,fi,200,2000,2,0,0,-71.47926595665349,-72.6817942498466,8.765718704458045
0,lesioned_719,12211,8,6ohda,fi,220,2000,2,0,0,-71.47910996860227,-72.77020465289233,9.470042759455445
0,lesioned_719,12211,8,6ohda,fi,240,2000,3,0,0,-71.4789529386234,-72.86474857742458,10.141478721910374
0,lesioned_719,12211,8,6ohda,fi,260,2000,3,0,0,-71.47879676645812,-72.94361137007449,10.804282236264143
0,lesioned_719,12211,8,6ohda,fi,280,2000,3,0,0,-71.4786393561576,-73.022209234637,11.44902650771845
0,lesioned_719,12211,8,6ohda,fi,300,2000,3,0,0,-71.4784845144254,-73.09702846861961,12.074328144487176
0,lesioned_719,12211,8,6ohda,tburst,-50,2000,0,0,0,-71.48122184824868,-71.34497995469665,-3.378901423546978
0,lesioned_719,12211,8,6ohda,tburst,-100,2000,0,0,0,-71.4816128216994,-71.0277584305539,-6.997479609381102
0,lesioned_719,12211,8,6ohda,tburst,-150,2000,4,0,4,-71.48200416974021,-71.14687741428368,-10.780196823079947
0,lesioned_719,12211,8,6ohda,tburst,-200,2000,6,0,6,-71.48239561995415,-70.82568303878541,-14.263889241108728
0,lesioned_719,12211,8,6ohda,tburst,-250,2000,7,0,7,-71.4827865529872,-70.38070878289737,-17.372805054144635
0,lesioned_719,12211,8,6ohda,tburst,-300,2000,6,0,6,-71.48317703966627,-69.9001947368307,-20.27627343525154
0,lesioned_719,12211,8,6ohda,tburst,-50,500,0,0,0,-71.48122184824868,-71.5548465353566,-3.6210345255371834
0,lesioned_719,12211,8,6ohda,tburst,-100,500,1,0,1,-71.4816128216994,-71.53756533108763,-8.092879095367934
0,lesioned_719,12211,8,6ohda,tburst,-150,500,5,0,5,-71.48200416974022,-71.52064462557507,-13.501984648160388
0,lesioned_719,12211,8,6ohda,tburst,-200,500,6,0,6,-71.48239561995415,-71.3076003126152,-18.70089283187697
0,lesioned_719,12211,8,6ohda,tburst,-250,500,7,0,7,-71.4827865529872,-71.01098561921994,-22.8076402233319
0,lesioned_719,12211,8,6ohda,tburst,-300,500,7,0,7,-71.48317703966627,-70.66902068977879,-25.967240541741944
0,lesioned_719,12211,8,6ohda,tburst,-50,200,0,0,0,-71.48122184824868,-71.59189011593476,-4.052572923013628
0,lesioned_719,12211,8,6ohda,tburst,-100,200,0,0,0,-71.4816128216994,-71.55760395736564,-9.29277564044422
0,lesioned_719,12211,8,6ohda,tburst,-150,200,3,0,3,-71.48200416974021,-71.62762079367302,-15.38293292758891
0,lesioned_719,12211,8,6ohda,tburst,-200,200,5,0,5,-71.48239561995415,-71.57173767986285,-21.51647696197702
0,lesioned_719,12211,8,6ohda,tburst,-250,200,5,0,5,-71.4827865529872,-71.37819902527237,-26.94323246051769
0,lesioned_719,12211,8,6ohda,tburst,-300,200,6,0,6,-71.48317703966627,-71.16841391678288,-31.268194741913405
0,lesioned_719,12211,8,6ohda,rmih,-50,2000,0,0,0,-75.75660363851475,-75.05410638440823,-3.6013760632323937
0,lesioned_719,12211,8,6ohda,rmih,-100,2000,0,0,0,-75.75699492260146,-74.41628893357712,-7.39447445445802
0,lesioned_719,12211,8,6ohda,rmih,-150,2000,5,0,5,-75.7573865795986,-74.8896476264989,-10.854335154172063
0,lesioned_719,12211,8,6ohda,rmih,-200,2000,6,0,6,-75.7577783389229,-74.16799821075936,-13.940186391152139
0,lesioned_719,12648,1,6ohda,fi,20,2000,0,0,0,-72.04845798995176,-72.27569553747938,1.1543859924076543
0,lesioned_719,12648,1,6ohda,fi,40,2000,0,0,0,-72.0483018446825,-72.37343825866381,2.390086640725812
0,lesioned_719,12648,1,6ohda,fi,60,2000,0,0,0,-72.04814543369305,-72.46898950499796,3.5605704635713664
0,lesioned_719,12648,1,6ohda,fi,80,2000,0,0,0,-72.04798868219669,-72.56097207620374,4.6720066648956475
0,lesioned_719,12648,1,6ohda,fi,100,2000,0,0,0,-72.04783212624248,-72.64734094942442,5.731406054207355
0,lesioned_719,12648,1,6ohda,fi,120,2000,0,0,0,-72.04767557990961,-72.73429510569775,6.738207679061318
0,lesioned_719,12648,1,6ohda,fi,140,2000,1,0,0,-72.04751879711598,-72.83169315106339,7.687610608487219
0,lesioned_719,12648,1,6ohda,fi,160,2000,1,0,0,-72.04736174017582,-72.90521450792369,8.60850296359311
0,lesioned_719,12648,1,6ohda,fi,180,2000,1,0,0,-72.04720627611829,-72.9758494281482,9.489475295029088
0,lesioned_719,12648,1,6ohda,fi,200,2000,1,0,0,-72.04704881291579,-73.04224467925323,10.33433911813544
0,lesioned_719,12648,1,6ohda,fi,220,2000,1,0,0,-72.0468927610163,-73.10724691073324,11.146382422598613
0,lesioned_719,12648,1,6ohda,fi,240,2000,2,0,0,-72.04673565067527,-73.18116654595184,11.9171813746093
0,lesioned_719,12648,1,6ohda,fi,260,2000,2,0,0,-72.04657936258138,-73.23723234818512,12.674356293111387
0,lesioned_719,12648,1,6ohda,fi,280,2000,2,0,0,-72.0464218399927,-73.2911035567139,13.406801356010213
0,lesioned_719,12648,1,6ohda,fi,300,2000,2,0,0,-72.04626697417726,-73.34291884362828,14.114798151422377
0,lesioned_719,12648,1,6ohda,tburst,-50,2000,0,0,0,-72.04900596716557,-71.88308077121104,-3.80234009397131
0,lesioned_719,12648,1,6ohda,tburst,-100,2000,1,0,1,-72.04939718837142,-71.69325837250052,-8.11789171310096
0,lesioned_719,12648,1,6ohda,tburst,-150,2000,4,0,4,-72.04978878140399,-71.4218512231223,-12.747564078479016
0,lesioned_719,12648,1,6ohda,tburst,-200,2000,5,0,5,-72.05018049434365,-70.90451595146088,-16.956568693567945
0,lesioned_719,12648,1,6ohda,tburst,-250,2000,6,0,6,-72.05057164292376,-70.38362449320013,-20.868747517297052
0,lesioned_719,12648,1,6ohda,tburst,-300,2000,6,0,6,-72.05096234830809,-69.93676955357533,-24.777230437319744
0,lesioned_719,12648,1,6ohda,tburst,-50,500,0,0,0,-72.04900596716557,-72.08097246202041,-4.056762071132653
0,lesioned_719,12648,1,6ohda,tburst,-100,500,1,0,1,-72.04939718837142,-72.08319683315109,-9.2987511150924
0,lesioned_719,12648,1,6ohda,tburst,-150,500,4,0,4,-72.04978878140399,-72.04480110060074,-15.96505896714271
0,lesioned_719,12648,1,6ohda,tburst,-200,500,6,0,6,-72.05018049434365,-71.77565349261923,-21.98126572603809
0,lesioned_719,12648,1,6ohda,tburst,-250,500,6,0,6,-72.05057164292374,-71.33936580008378,-26.24396377732475
0,lesioned_719,12648,1,6ohda,tburst,-300,500,6,0,6,-72.05096234830809,-70.93900354187609,-29.6977622133992
0,lesioned_719,12648,1,6ohda,tburst,-50,200,0,0,0,-72.04900596716557,-72.11809028732222,-4.248701730672352
0,lesioned_719,12648,1,6ohda,tburst,-100,200,0,0,0,-72.04939718837142,-72.08313019691649,-10.074970521933182
0,lesioned_719,12648,1,6ohda,tburst,-150,200,3,0,3,-72.04978878140399,-72.17705307482903,-17.853641006030244
0,lesioned_719,12648,1,6ohda,tburst,-200,200,4,0,4,-72.05018049434365,-72.03430903310061,-26.13569658977552
0,lesioned_719,12648,1,6ohda,tburst,-250,200,4,0,4,-72.05057164292376,-71.7449488774571,-32.67135015452473
0,lesioned_719,12648,1,6ohda,tburst,-300,200,5,0,5,-72.05096234830809,-71.41919093362485,-36.99462919628154
0,lesioned_719,12648,1,6ohda,rmih,-50,2000,0,0,0,-77.04983240594933,-76.22578727937535,-4.263575934562951
0,lesioned_719,12648,1,6ohda,rmih,-100,2000,0,0,0,-77.05022393218535,-75.40244677970753,-8.933604536392266
0,lesioned_719,12648,1,6ohda,rmih,-150,2000,4,0,4,-77.05061582882962,-75.41849314288763,-13.131527137729606
0,lesioned_719,12648,1,6ohda,rmih,-200,2000,5,0,5,-77.05100784627854,-74.6635921884028,-17.06474811900003
0,lesioned_719,13033,3,6ohda,fi,20,2000,0,0,0,-69.22277089815546,-69.6047273634378,0.8599891829888406
0,lesioned_719,13033,3,6ohda,fi,40,2000,0,0,0,-69.22261348729083,-69.71050496438018,1.9811549211267732
0,lesioned_719,13033,3,6ohda,fi,60,2000,0,0,0,-69.22245588291189,-69.81172559325896,3.030377812728389
0,lesioned_719,13033,3,6ohda,fi,80,2000,0,0,0,-69.22229792904591,-69.90730162199611,4.019775632908221
0,lesioned_719,13033,3,6ohda,fi,100,2000,0,0,0,-69.22214015599208,-70.00271353705546,4.954129463129576
0,lesioned_719,13033,3,6ohda,fi,120,2000,1,0,0,-69.22198228410487,-70.09658446426587,5.842615414281255
0,lesioned_719,13033,3,6ohda,fi,140,2000,0,0,0,-69.22182415532323,-70.17885492230153,6.698640913319302
0,lesioned_719,13033,3,6ohda,fi,160,2000,1,0,0,-69.2216660561781,-70.2578427793978,7.524408621055272
0,lesioned_719,13033,3,6ohda,fi,180,2000,2,0,0,-69.22150919526604,-70.34301567300143,8.318942124964877
0,lesioned_719,13033,3,6ohda,fi,200,2000,1,0,0,-69.22135078098648,-70.4169623030232,9.095154449762035
0,lesioned_719,13033,3,6ohda,fi,220,2000,0,0,0,-69.22119312261712,-70.4897998834479,9.85199698614283
0,lesioned_719,13033,3,6ohda,fi,240,2000,2,0,0,-69.22103457616356,-70.56561860140651,10.591756424391534
0,lesioned_719,13033,3,6ohda,fi,260,2000,2,0,0,-69.22087733709263,-70.63357889123253,11.320653742848592
0,lesioned_719,13033,3,6ohda,fi,280,2000,4,0,0,-69.22071887881168,-70.70386041916063,12.0360039216338
0,lesioned_719,13033,3,6ohda,fi,300,2000,3,0,0,-69.22056193513413,-70.77298674783461,12.741838449030439
0,lesioned_719,13033,3,6ohda,tburst,-50,2000,0,0,0,-69.22332320585093,-69.18182963530548,-3.78841624394326
0,lesioned_719,13033,3,6ohda,tburst,-100,2000,1,0,1,-69.22371755258744,-68.92228622661841,-7.888394673319397
0,lesioned_719,13033,3,6ohda,tburst,-150,2000,4,0,4,-69.22411229687079,-68.65191143588301,-12.17967200624058
0,lesioned_719,13033,3,6ohda,tburst,-200,2000,5,0,5,-69.22450691445998,-68.31811454611989,-15.969535931659337
0,lesioned_719,13033,3,6ohda,tburst,-250,2000,8,0,8,-69.22490157040616,-67.85426009190638,-19.285540634733024
0,lesioned_719,13033,3,6ohda,tburst,-300,2000,7,0,7,-69.22529573791952,-67.5151467300926,-22.36463972856403
0,lesioned_719,13033,3,6ohda,tburst,-50,500,0,0,0,-69.22332320585093,-69.37542596025311,-3.98210790244282
0,lesioned_719,13033,3,6ohda,tburst,-100,500,2,0,2,-69.22371755258744,-69.34252605658581,-9.11007245676673
0,lesioned_719,13033,3,6ohda,tburst,-150,500,6,0,6,-69.22411229687079,-69.25510463059308,-15.678838907831206
0,lesioned_719,13033,3,6ohda,tburst,-200,500,7,0,7,-69.22450691445998,-69.01321502004461,-21.32897865407375
0,lesioned_719,13033,3,6ohda,tburst,-250,500,5,0,5,-69.22490157040616,-68.6800975770392,-25.260989981728912
0,lesioned_719,13033,3,6ohda,tburst,-300,500,7,0,7,-69.22529573791952,-68.3574074661102,-28.232139067749827
0,lesioned_719,13033,3,6ohda,tburst,-50,200,0,0,0,-69.22332320585093,-69.409709556089,-4.4242114360560265
0,lesioned_719,13033,3,6ohda,tburst,-100,200,2,0,2,-69.22371755258743,-69.43785776601811,-10.814620141790613
0,lesioned_719,13033,3,6ohda,tburst,-150,200,4,0,4,-69.22411229687079,-69.39801714465911,-18.314446458814828
0,lesioned_719,13033,3,6ohda,tburst,-200,200,6,0,6,-69.22450691445998,-69.29443790248948,-25.336233317554615
0,lesioned_719,13033,3,6ohda,tburst,-250,200,5,0,5,-69.22490157040616,-69.06378504093631,-30.87713821740809
0,lesioned_719,13033,3,6ohda,tburst,-300,200,7,0,7,-69.22529573791952,-68.80805731293954,-34.76312405512695
0,lesioned_719,13033,3,6ohda,rmih,-50,2000,0,0,0,-73.82404112675552,-73.23336088209267,-4.331614255441565
0,lesioned_719,13033,3,6ohda,rmih,-100,2000,3,0,3,-73.82443576661647,-73.22364583637174,-8.61775635521866
0,lesioned_719,13033,3,6ohda,rmih,-150,2000,6,0,6,-73.82483080195921,-72.5278427110189,-12.362435783012728
0,lesioned_719,13033,3,6ohda,rmih,-200,2000,7,0,7,-73.8252257121571,-71.83102235366343,-15.636337444314023
0,lesioned_719,14659,5,6ohda,fi,20,2000,0,0,0,-71.43939209576386,-71.77128507920918,1.1894243795028387
0,lesioned_719,14659,5,6ohda,fi,40,2000,0,0,0,-71.43924109839715,-71.90925416847226,2.5083717817145867
0,lesioned_719,14659,5,6ohda,fi,60,2000,0,0,0,-71.43908957249535,-72.03867703873419,3.738316186009399
0,lesioned_719,14659,5,6ohda,fi,80,2000,0,0,0,-71.43893773868572,-72.1608310397167,4.890356341200231
0,lesioned_719,14659,5,6ohda,fi,100,2000,0,0,0,-71.43878609011342,-72.2774543408499,5.974781124048221
0,lesioned_719,14659,5,6ohda,fi,120,2000,0,0,0,-71.43863489674192,-72.38802763162643,7.002659047963434
0,lesioned_719,14659,5,6ohda,fi,140,2000,0,0,0,-71.43848354213435,-72.49484667405147,7.981972817043456
0,lesioned_719,14659,5,6ohda,fi,160,2000,0,0,0,-71.43833237308215,-72.59706951331366,8.921583823724163
0,lesioned_719,14659,5,6ohda,fi,180,2000,1,0,0,-71.43818090399574,-72.71401312109917,9.82005050861192
0,lesioned_719,14659,5,6ohda,fi,200,2000,1,0,0,-71.43802910180267,-72.80562683354147,10.70197947655707
0,lesioned_719,14659,5,6ohda,fi,220,2000,1,0,0,-71.43787786819821,-72.8934365434256,11.56264842023203
0,lesioned_719,14659,5,6ohda,fi,240,2000,1,0,0,-71.4377256725158,-72.97927849813755,12.400888392676443
0,lesioned_719,14659,5,6ohda,fi,260,2000,1,0,0,-71.43757382370539,-73.06532878197346,13.22545970624504
0,lesioned_719,14659,5,6ohda,fi,280,2000,1,0,0,-71.43742410773834,-73.14413119397054,14.039822889826013
0,lesioned_719,14659,5,6ohda,fi,300,2000,2,0,0,-71.43727331047872,-73.23160026980942,14.840099334011697
0,lesioned_719,14659,5,6ohda,tburst,-50,2000,0,0,0,-71.43992215292634,-71.20898916574632,-4.259094302310686
0,lesioned_719,14659,5,6ohda,tburst,-100,2000,0,0,0,-71.44030099093769,-70.70675303946057,-8.803980339298732
0,lesioned_719,14659,5,6ohda,tburst,-150,2000,2,0,2,-71.44067981790926,-70.32978598899697,-13.201685414000906
0,lesioned_719,14659,5,6ohda,tburst,-200,2000,3,0,3,-71.44105797157029,-69.77309239841058,-17.001322751040206
0,lesioned_719,14659,5,6ohda,tburst,-250,2000,4,0,4,-71.4414366625853,-69.22876602024462,-20.397116285998536
0,lesioned_719,14659,5,6ohda,tburst,-300,2000,4,0,4,-71.44181374937875,-68.74684402144074,-23.651863700489685
0,lesioned_719,14659,5,6ohda,tburst,-50,500,0,0,0,-71.43992215292634,-71.49401684088306,-4.642430139284485
0,lesioned_719,14659,5,6ohda,tburst,-100,500,0,0,0,-71.44030099093769,-71.36373397973945,-10.373001876084928
0,lesioned_719,14659,5,6ohda,tburst,-150,500,3,0,3,-71.44067981790926,-71.33110975894738,-16.471998357573824
0,lesioned_719,14659,5,6ohda,tburst,-200,500,3,0,3,-71.44105797157029,-70.99043142344023,-21.568948857120517
0,lesioned_719,14659,5,6ohda,tburst,-250,500,4,0,4,-71.4414366625853,-70.58114303717974,-25.395008959676574
0,lesioned_719,14659,5,6ohda,tburst,-300,500,4,0,4,-71.44181374937875,-70.16125475900414,-28.461682784293302
0,lesioned_719,14659,5,6ohda,tburst,-50,200,0,0,0,-71.43992215292634,-71.5458461733049,-4.82975139130744
0,lesioned_719,14659,5,6ohda,tburst,-100,200,0,0,0,-71.44030099093769,-71.49272625384005,-11.090422153093044
0,lesioned_719,14659,5,6ohda,tburst,-150,200,0,0,0,-71.44067981790926,-71.41837326190957,-18.18787130690511
0,lesioned_719,14659,5,6ohda,tburst,-200,200,2,0,2,-71.44105797157029,-71.33416626681479,-24.957942791059224
0,lesioned_719,14659,5,6ohda,tburst,-250,200,2,0,2,-71.4414366625853,-71.05354553566589,-30.435347912462376
0,lesioned_719,14659,5,6ohda,tburst,-300,200,3,0,3,-71.44181374937875,-70.71367137642201,-34.42114975787442
0,lesioned_719,14659,5,6ohda,rmih,-50,2000,0,0,0,-76.91144180078186,-75.83653259763203,-4.338056513940842
0,lesioned_719,14659,5,6ohda,rmih,-100,2000,0,0,0,-76.91182086566955,-74.84439451286894,-8.695336346328048
0,lesioned_719,14659,5,6ohda,rmih,-150,2000,2,0,2,-76.91219991776626,-74.38043013930097,-12.468394810892775
0,lesioned_719,14659,5,6ohda,rmih,-200,2000,3,0,3,-76.91257830211384,-73.60027697624135,-15.863717262542039
0,lesioned_719,19869,4,6ohda,fi,20,2000,0,0,0,-67.1371473875054,-67.89307243785815,1.0998774343644584
0,lesioned_719,19869,4,6ohda,fi,40,2000,1,0,0,-67.13699144316138,-68.25407692117872,2.9487451857719904
0,lesioned_719,19869,4,6ohda,fi,60,2000,2,0,0,-67.13683521185636,-68.67405430435059,5.1584931800863245
0,lesioned_719,19869,4,6ohda,fi,80,2000,13,0,0,-67.13667864185658,-69.31849950475868,5.304193862465034
0,lesioned_719,19869,4,6ohda,fi,100,2000,21,0,0,-67.13652226424638,-69.73349337707424,7.290304387971787
0,lesioned_719,19869,4,6ohda,fi,120,2000,29,0,0,-67.13636592542277,-70.13036087811928,6.850037839352623
0,lesioned_719,19869,4,6ohda,fi,140,2000,37,0,0,-67.136209353932,-70.41469003275463,13.494618420652941
0,lesioned_719,19869,4,6ohda,fi,160,2000,41,0,1,-67.13605254354495,-70.71437377887942,19.447086798217732
0,lesioned_719,19869,4,6ohda,fi,180,2000,49,0,0,-67.13589715367844,-70.86986546235477,10.247793988541282
0,lesioned_719,19869,4,6ohda,fi,200,2000,52,0,0,-67.13573977361078,-71.04389993113779,11.2069630895962
0,lesioned_719,19869,4,6ohda,fi,220,2000,59,0,0,-67.13558399343799,-71.21467947553401,8.997834910238403
0,lesioned_719,19869,4,6ohda,fi,240,2000,63,0,0,-67.13542708051612,-71.33382647842546,11.244090270827328
0,lesioned_719,19869,4,6ohda,fi,260,2000,70,0,0,-67.13527084239999,-71.45299908058504,11.314349771739295
0,lesioned_719,19869,4,6ohda,fi,280,2000,71,0,0,-67.13511357909817,-71.5684079017459,14.046587174367843
0,lesioned_719,19869,4,6ohda,fi,300,2000,71,0,0,-67.13495886410668,-71.6466102764957,13.969576791624739
0,lesioned_719,19869,4,6ohda,tburst,-50,2000,0,0,0,-67.13769467420309,-66.95702048693751,-4.737164307684239
0,lesioned_719,19869,4,6ohda,tburst,-100,2000,1,0,1,-67.13808538893585,-66.61082572433648,-8.842490569564987
0,lesioned_719,19869,4,6ohda,tburst,-150,2000,3,0,3,-67.13847647348372,-66.0976904590294,-12.795761572284079
0,lesioned_719,19869,4,6ohda,tburst,-200,2000,5,0,5,-67.13886776369075,-65.49237226236156,-16.210623828528114
0,lesioned_719,19869,4,6ohda,tburst,-250,2000,7,0,7,-67.13925833306787,-64.9119229877607,-19.19715241975433
0,lesioned_719,19869,4,6ohda,tburst,-300,2000,8,0,8,-67.13964849854669,-64.28956277126872,-21.959354763865548
0,lesioned_719,19869,4,6ohda,tburst,-50,500,0,0,0,-67.13769467420309,-67.39520400133244,-5.159432999269356
0,lesioned_719,19869,4,6ohda,tburst,-100,500,2,0,2,-67.13808538893586,-67.41985047740178,-10.499456644109074
0,lesioned_719,19869,4,6ohda,tburst,-150,500,5,0,5,-67.13847647348372,-67.32253690810224,-16.589666309557245
0,lesioned_719,19869,4,6ohda,tburst,-200,500,7,0,7,-67.13886776369075,-67.00311973411391,-21.63006774692998
0,lesioned_719,19869,4,6ohda,tburst,-250,500,8,0,8,-67.13925833306787,-66.59492705194968,-25.006687075478425
0,lesioned_719,19869,4,6ohda,tburst,-300,500,8,0,8,-67.13964849854669,-66.11653960609141,-27.561436237721708
0,lesioned_719,19869,4,6ohda,tburst,-50,200,0,0,0,-67.13769467420309,-67.46428849083777,-5.626673883137997
0,lesioned_719,19869,4,6ohda,tburst,-100,200,1,0,1,-67.13808538893585,-67.50897167034692,-11.805335466166895
0,lesioned_719,19869,4,6ohda,tburst,-150,200,3,0,3,-67.13847647348372,-67.50501500316042,-19.259275173758695
0,lesioned_719,19869,4,6ohda,tburst,-200,200,5,0,5,-67.13886776369075,-67.35489504380129,-26.32191669284859
0,lesioned_719,19869,4,6ohda,tburst,-250,200,6,0,6,-67.13925833306787,-67.05873351491819,-31.25283902599547
0,lesioned_719,19869,4,6ohda,tburst,-300,200,6,0,6,-67.1396484985467,-66.63586629059162,-34.19346763861135
0,lesioned_719,19869,4,6ohda,rmih,-50,2000,0,0,0,-72.32813843901165,-71.70802018783596,-4.415728707318863
0,lesioned_719,19869,4,6ohda,rmih,-100,2000,0,0,0,-72.32852906402918,-70.97842401111279,-8.370395147940869
0,lesioned_719,19869,4,6ohda,rmih,-150,2000,4,0,4,-72.32892005120493,-70.80785136908663,-11.82700358455618
0,lesioned_719,19869,4,6ohda,rmih,-200,2000,6,0,6,-72.32931123334892,-70.23891697158571,-14.816575770495234
